{
    "MSE": 175.2277356778066,
    "R2": 0.5821859147428681
}